Coefficient name,Corresponding polynomial,Coefficient value
a1,h^2,0.99999999999999123
a2,p^2,1.9999999999999805
a3,x^2,3.0000000000000133
a4,s^2,4.0000000000000364
a5,h*p,-1.000000000000008
a6,h*x,-1.999999999999994
a7,h*s,-2.9999999999999907
a8,p*x,-3.9999999999999947
a9,p*s,-4.9999999999999858
a10,x*s,-5.9999999999999973
a11,h,0.1000000000000118
a12,p,0.20000000000003157
a13,x,0.29999999999995669
a14,s,0.399999999999898
a15,1,-0.099999999999966116
